participant_id,phq8_score_max
007751c5-d7ad-4bec-a58f-abf32500e2ae,19
00bf567f-30ef-4317-9c3d-f62a37bcce27,17
00d1d60a-15cf-481b-8264-91705b6f8d97,16
0104dfff-4dcd-48ff-b912-51362f098ed0,20
01318193-bb33-4c1b-b1bf-d316a014b5ad,17
0157930f-10f7-4d5f-9575-a65efbd1d505,19
02640ba3-a078-4bef-8854-87f71905a1a3,11
02919d70-343c-4efa-97c0-c34bf85546f0,9
02f691f4-0ae5-46a1-9f21-0c213b22996c,21
031a4b13-9080-4560-81bc-c112867188ef,21
0370715e-6496-45c9-be84-a2009897c50a,20
03d596f1-cf28-4204-a4c0-f2c08a3fe00b,21
04dd07eb-fbb5-45f2-8815-e438b487a5d6,17
04f2abf1-8fc5-49b6-8786-3def833f083d,16
05236830-97a1-4c4c-a122-4722c12a0549,8
055b0397-088c-4268-ac19-52e6e59a5779,22
055be1a2-ad7b-4f8f-9ea6-284b8e68fb35,17
05ec5261-08e8-40cb-a234-3c74b949971d,22
05f44e49-1b4e-4336-b962-d3eff448ab93,12
065d644f-dae7-4350-94c5-04bd60aa361f,18
078037ac-adec-44d4-be1b-93a4f1d4f765,19
07f2e0d9-4309-4423-8f8d-3a8b87a2a725,10
083ce879-d700-4f54-ba5f-530cf749c79b,21
08654850-1e57-450d-9341-ae8bca241c08,15
0890490e-5385-4934-b931-09bd914b8f79,10
08fef6bf-1f83-4173-9c40-aa6156e60a96,10
09034a57-f2ca-43b6-9ba6-07f30982bb36,1
09828ab7-192f-4aab-88d5-eb1f5891e367,23
0b567e7b-877b-43a3-a0a2-4cdb848e72d7,14
0c11ad51-c4a8-4d79-8389-c031dddd4786,13
0c867d18-d24a-4b65-bc1f-bf691b1e49da,13
0d02de9d-e2b0-4996-acc9-7338f37df0b2,7
0d26bfd6-c7e7-4f30-af3e-ff679dd63770,16
0d37c9ab-40ef-433d-9dae-d87910e0f7b9,17
0dc79e9d-fff4-483a-9fcf-802fa0c6d3e9,13
0e17a023-d2d3-40a0-a484-555044a55245,15
0e2310f7-6e9c-45aa-9344-a9f1c3a78ba7,20
0ec4e067-782d-4819-9619-8b53fbd7ccf6,24
0f279cc1-f20a-459d-9023-3bbe03d7e63d,15
0fd5f201-1047-4518-8e8f-b5e5b007ca06,18
1012226b-f751-4498-aad8-92a03e06c525,20
10168362-e1f2-46f5-9ec2-284763383bb0,23
10ad8bfc-2465-48ef-8d94-3a70604be5a6,16
10c56fd3-6e87-48d9-9e17-90641aca2051,11
12548dad-9675-4b15-b336-adbf671d8ba1,11
1317e6b6-485c-44d5-97e8-032246d029ca,23
13512ded-03e7-41f4-abc3-2d6c3cee6654,23
1406aad2-3454-477f-8feb-e1679a0af1cd,7
146f6d46-d90b-43fb-b439-93c456104fc3,18
14cfea8b-4fd6-4c51-b431-2816a867ad34,22
15e80782-5a8b-4484-9044-5055a18d29d8,21
165975cc-6747-48cd-a3da-0390869c5c4f,7
1665328e-5f3b-4638-9f54-eab7eb130142,9
166f5fb1-3f39-475a-9968-210e60515c1b,11
16aa01b8-adfa-4bc6-838e-8d2c0e0004c2,17
16eca4e0-bc83-44c1-9a81-75f429f5f662,22
19048e86-96b5-4044-9428-d413d67f7279,20
19d4e2c1-6c53-4ddc-b692-4a58d0954554,9
19ddaf7c-c277-4eaf-8900-e0ebdae48422,12
1a0c3612-433d-4c54-9d56-0d2820a996c8,6
1bc0c226-5e6e-443e-8e78-bf3fd7b22c66,9
1bf853db-d03e-4aec-900d-61bef4e7e6de,9
1c882ae7-bdcd-4338-b051-e9cc508023d2,24
1cb62607-182e-4312-9881-484c133cc885,23
1ce248fe-02a4-4129-9bb4-e249d79399ec,14
1dc613e1-ecb4-4f6c-a58c-e65e1a611499,22
1df81738-1ed3-4ecd-9745-f0311067f747,10
1ef39f78-b3d5-43e1-bfa4-1e70f410984a,19
1f12ceb0-a09b-4ff1-9b44-2be5af200b5f,19
1f3153f4-19fc-4978-98d9-6d72cb21cd8b,24
1f4608b4-666d-40ff-a72e-ee33a2b5193c,19
1f805a82-ed6c-45aa-8bc0-d2b1b6b7e363,21
1fb4efc5-5859-4e13-96d2-46335e687cbc,7
1fba64ce-c34a-4ba4-ba4c-6778b63a8a4c,24
210a6617-2b04-4cee-9908-83857b36ca78,6
2191157e-8c85-4c87-a202-06b52ea7bc63,17
2235ab57-3b85-4cf1-b1b1-c6bd38c16cc8,12
2291e688-d117-4ceb-9862-79937779d8fa,16
23cdeae7-552b-4175-b693-6b09b12a3260,10
24f82ff8-f2f5-448c-920e-a31d7bfb532f,13
25a7bece-e314-4d47-bf36-4a99208f1e86,24
25d31b5d-aa1a-4865-be85-960177f96bd6,23
260d0389-c4fb-4574-84db-cfb3a9596bcb,21
2664751f-d578-4ff9-912c-21bd446c07d9,6
2685bd3e-e225-48d9-a3e1-b58791e29e25,11
26ae27cc-38c8-4ef8-acb7-04434c1b554f,14
26b86a09-4ca4-44a1-bfc9-e3507c2268c5,18
26bb2309-4863-47e8-87f1-19c3fb6bcc2e,21
279c2c53-cf33-4485-8e3f-bba226c30d56,22
27dbd70e-1293-4368-9968-84764890fe0b,10
27df7c76-6fea-43b1-a1bd-0b08e3d9aeb3,14
2883912a-61cc-408e-874e-cc1f77e1a096,21
28e7a45b-5cdf-4a86-8b5a-a607ca37bd6f,14
2948d40b-8cdc-48bd-bf53-719f0a8d6c29,10
2a88ee7d-40d1-4f51-93e7-86419e39459f,19
2b053b9d-560e-4e8a-9379-124e08d541a1,9
2b2a2e0c-c56a-4daf-b3df-a4cad635c90d,8
2bc361bd-8658-46f0-9bbd-dc0a42ff33af,7
2c1392a4-1bde-47c5-b93f-7614fa258bc6,4
2cc1d0d9-9777-4cf7-8711-b77209f54cd6,18
2ce091ae-9022-45a8-b08a-e42a9940076b,24
2cfc30c6-898f-48e3-92c9-19a717e02c91,20
2d971fcc-0c3b-4ac6-91fc-335bc20949a4,15
2de51734-e638-4603-81d9-46fa6d3becff,10
2e7e5951-d7db-4f52-aeb1-bbc135131ba8,4
2efd99d8-c218-4075-b852-58216c9a8714,24
2f11b470-d411-4414-9a31-4d53a81cbe8d,14
30804a33-e7d2-4ba7-984b-8715021fcc0a,23
30f6e2af-79fa-4f7e-8422-e597b441c3b5,13
31eabab0-eee4-49ed-8c9d-18c1e382c990,18
323d008c-8936-4d4d-a048-c14e9737d8a2,17
323f8b0a-9e8a-40fd-90c5-df9506a44f53,17
33a0cf6a-b90f-42ac-a7cf-78fe95cc0504,3
3408c15c-48b3-4742-a47c-83cac676a66a,20
34265ed6-8cf8-4835-8d2b-a86b835f5505,8
34355d4c-119d-4cb3-bdc1-85f200833e4a,18
35092049-dce7-476d-9db8-9f6a4948a2bf,17
35287589-fcfd-423f-8a08-500dbcec2922,4
3537d6d2-3d4e-4cce-8ca3-b7257ec9f959,21
35680851-7a21-4e20-8a17-12f4e51fff1c,20
358fae43-5656-4663-8725-25c10328e62c,15
35b385d8-c28c-40ed-8878-58815c29fb37,21
362f6f3c-6898-428d-aceb-28ebf25f47eb,22
36505bce-bcce-4fbd-a031-f8e7117b7432,11
36bd1ea5-92f9-45f5-a5b2-f298a40074e2,11
36d55d8e-b39f-4f2d-be9c-255d6ac2c7b9,12
3792d89b-dfc7-4aa2-bab2-fe9136dee96b,7
37f7be94-7f95-4eac-b732-ffd412d34292,7
38622d2e-65eb-4082-8199-ac0a7348cfa6,18
38edb8e5-9006-41e9-a069-5b30b81a7a2b,7
392c8ea4-c602-4ece-b25d-cd8e6d9f8c3e,23
39635a7e-041f-497a-8768-2a4010840d9a,19
39eccf1a-6983-4fd5-9c85-469ce9310111,22
3a2ee5f7-96b5-47d6-886f-2ad6031abc1f,24
3b3b56d9-ceff-4da4-a0b2-49fd8b9eae37,15
3bd2fc05-b847-4cab-86c8-6ae07bd51e80,22
3c1ed460-3d1a-4f31-983d-c7d4f77bca91,22
3c6671b8-45ae-4552-b92b-934ec6bbb89f,14
3ca4e3d8-a922-4413-af5e-6cea14c720e1,21
3d6a4d93-ec5f-4c58-8eea-2fdc46948a60,23
3da1638f-9904-408a-a621-8141e76e7e0f,23
3da2997a-47f5-4f3d-9957-9aa3cf1b93c3,15
3f2b4f9d-25d7-4ed3-99e0-5a02c81f46af,12
3f3e6212-a770-4d23-a192-6b9845a9b702,18
3fa61a59-905d-476e-8a44-b551851ecb74,9
3fcb1c88-5c90-493f-88ad-c515295713a0,24
40103617-4d72-4ac0-b807-78ece54fbc4d,16
40386471-ba0a-4e90-af80-c125df2cb623,22
403e104c-3b9e-402b-8f23-86dd4e99031f,21
404845b2-d2c9-4108-8843-157111916b88,9
4092a304-351b-4ee4-8dfd-d3d0cb3a9704,12
4099a346-ff9c-4dec-b69a-0714d5679d0d,9
4107b776-8ba4-4ca3-b537-2922205a1855,6
41305042-2998-4bfb-9dea-3472a8b5f562,11
4134d4ed-6946-4fa2-86a6-941734ec227f,23
4136766d-01b8-4ede-8633-caaf414b53ca,23
41bd3a9f-8761-45aa-8cd3-47a9f856b2e8,20
4242b9dd-b300-430d-803e-0b0337be78ba,24
429d7134-6827-4e2b-ac83-a130599b205e,4
437dcdc5-e5dd-4b0a-a09f-4b08ded590ed,9
440eaf92-36d1-4091-ab4a-836cda41917f,7
447d21a7-5a7a-4597-ab0e-4bd7c5041e93,24
44ceade5-afa7-46c7-a3df-1fcb4a4338ff,13
44ef73b7-b6b2-4379-872a-5697a493ea99,22
44f7922b-04c8-4460-9f7d-55699aaf730a,14
45a9af3a-8fde-484d-9d2f-082d716facfb,19
46a8ed6e-4175-4510-9385-1660fd0456fa,20
46bcc158-3ff3-4a8e-b9a2-cb7536e95194,24
46fdfd10-6d8b-4f35-851f-fbd97ded2f57,12
4771dbb6-243f-4e9c-ab47-1254866d3a88,24
47ca3299-4ad9-43a4-bd30-da305fdf1ac7,20
49a29158-e258-4949-bb1e-ee4292ed5243,17
4ac09504-8f24-43d7-8455-3bb153134a86,24
4ac8f41a-d22b-479f-b6f2-e1b082035b72,10
4b23d817-48c7-47b4-b9d4-6745312ba623,7
4b250bfe-acd3-4987-b87e-eb471259952d,8
4b6b92b6-f5b6-4562-98dd-f6dcb94a5deb,14
4ba616d8-8ef7-4417-8fbb-d0e65cd5963a,4
4baf783f-f9ca-4205-8653-641e3e09c352,14
4c69ede1-70ff-485b-83ac-902756ee2797,16
4ca50f3a-3728-4187-be43-7999c9fb0453,9
4d1af18c-72a5-47ea-8a66-cf1834127bd9,11
4d6fcbfb-9cdf-4aab-854b-b4bb1d242016,14
4d8c5eee-689a-4f18-aaae-4894db0ed8b4,24
4db6269c-0677-46c4-b021-fa4b87600696,22
4de68a1e-720f-459d-a7e2-4a18db8ff7b1,17
4eb0d881-08b7-450a-a67c-c304dc0b8c13,20
4ecdeb63-87ef-49b7-b9c5-45c1a0260c52,22
4f07f477-5232-4ef5-892c-21c326273b83,15
4f3e8133-0dd1-4840-b229-e68f217e8427,21
4f7116ac-e3cc-49a7-ae6c-edf5ea579e7f,11
4fbd3222-8261-4e2f-a848-52a45de025a2,23
4fcdbe6a-cfbe-45fe-b47b-25bdce815130,21
507d6adc-a298-4347-8d89-beedbdb28c03,17
50d789a0-4cd1-4f6c-a6a7-3dcdadd77241,24
50eb07bc-9451-44a4-8373-fe78c182b92e,20
519ca7a0-a77a-42d3-b9f3-ebe8c737c444,24
519d14b0-8ad5-409c-8f1d-10d8154e479f,13
51c87bb4-aa09-4883-848f-ba2a004796bb,13
51dd7ee6-ff58-4d35-b713-68c13483de44,16
5207ae34-2b94-417f-9c8f-df6d671737a3,21
5226f759-c7a2-48ad-a3f0-c45fccf5757c,12
52dac003-4f24-486d-a8f6-15f3184e0cf5,14
52fb6390-030f-4bb2-8057-6d16b0d73131,20
531f5368-6a85-43e1-add5-95aa071acbee,22
538dbda6-fb74-4e46-856a-de39ce6064f9,18
539a6cb8-dcc9-466d-ab7e-7010ef4b3013,16
53a90883-4667-42f1-88ce-f6645f13626f,18
542a2165-6d92-4082-b43c-2df2f55f2849,8
545391b2-b5f7-435c-809e-a333858bba6c,12
5504d74e-8133-4118-a7c8-c85d934a8403,0
55a5e216-4584-4c89-9165-7d87db5140db,18
55e52190-2d1f-4a8c-a356-54ff0883371d,21
5623584d-2c81-4a98-8708-a4b88a4a6cb7,21
56372890-8d43-40f6-985e-6ba276ef2af3,21
570b130c-e272-4bdc-8d72-7cb554824aa0,24
57ad2c8f-d0ac-48f5-95a9-ef037b247d7b,12
5836388b-5e51-4c32-89d0-7a678b71f255,24
58996f2c-68c0-4645-af96-25fe4e51c55e,18
58a59a50-4627-45ff-9413-9afdccb02479,20
59046fbf-e55a-40d3-b9e3-b65728888712,18
598e3046-ff5f-430f-8d04-02a7d7f02f5c,20
59920508-90c8-47a6-9a3f-3cc983f767d8,24
59c91b29-ca32-4576-8de1-47fbe0885793,24
5a094f55-7e79-42d5-b791-5b0f5a4298f3,23
5a2e7b55-5cc2-4301-bfaf-faea86fc09ac,17
5a513850-e592-4a76-9a8a-7e62dbb361a3,9
5a9d9c49-9ed9-4dcb-a87c-7e0ce01135bf,10
5ae3b6d0-9a6f-4c18-b70d-c1437282e08f,12
5b3e1349-7f28-4fb2-9100-48c36ccaf292,23
5b41d4a5-f3ae-4800-828c-cd700e90010b,16
5b7f178d-7cc7-4fd3-a240-ac3016cb0d6c,17
5c08e213-d612-4829-931f-3a8c0307e186,24
5c423b8c-5989-4540-aeb5-234a0a6c62e0,19
5cc5c85a-85ee-4185-b2a6-1639addbf2f0,22
5d184dba-7fe3-4f79-bf52-1cee1d1517bc,19
5d6aacdf-ab55-4c0e-9eba-4a1120a691e9,24
5d80d281-3c56-4d5b-8306-199f97b17ce1,24
5e764ea2-4a0f-446b-b992-7d5bf2a33e89,8
5e836448-4f14-468d-9ab8-18189c169fca,18
5eac8dec-a1c2-45c2-8581-c322d79454e9,13
5f1fdbee-7df1-4bc4-9754-39e388751a83,13
5f3217f1-c751-4fee-a8c4-21acc5153d58,23
5fc26e60-e464-4dd4-b3ca-ec539bc827cc,23
6003416d-5e58-45be-986b-2c7e824ae6b5,11
605b56b6-bdf8-41ad-ad05-fc5190adb0b6,13
608947de-7e17-4411-baae-2f66e7834e66,8
60d66aea-4fde-4ffc-b018-d4d00cba803c,15
6159cec6-6412-4e14-bc5b-f2aa3348161a,20
6202987e-4cf4-4864-9503-d2a5e1d56fb7,7
623e9e12-7276-480c-beec-96bf73c2bd21,6
629f363b-8b12-453b-b92b-63649311b038,8
62f4c3a6-a0e4-4066-9810-ccc155f37aff,22
631568d2-4d94-4927-95f7-88f71d3b9526,22
6321c79d-de3b-4a14-9426-caf10b7313cd,6
6352b6de-8153-48d5-bc2d-39e0259e3bed,22
637bcfc1-6454-49bf-97d0-70a6aed69f31,23
63febb25-8e9e-4294-a0b1-927b7e9ec3ce,19
65f6c2ee-85ea-4fee-a128-1526d945d9db,22
660d4861-1e99-483a-bf79-31148a4b6dac,18
661a7ecd-24a2-4122-955c-915402758888,22
6655fc17-c16b-47f6-b6d8-fe4188ac515d,15
669f5ee1-d735-47a9-bb6a-95d8dadcb948,17
66ead137-75c1-45b7-91c2-e1e47a095ae4,20
670bca4a-6699-4d40-b346-89b0433ff417,13
67a0d443-1625-4b76-a85c-5c4e633d6e25,20
67f419cd-f83d-40f9-81b1-55039277c03f,14
68a1b33f-f996-4fa5-8ef6-720db39d8220,20
695c2297-7acb-4b99-bce7-4c0c17876a26,24
6975045c-0de5-4f6c-bcea-0faac7071dca,7
69f34bdb-3082-4526-8633-ec10c3cf84e0,24
6a02232b-bfab-4af0-a2cd-97deeb7f718c,12
6b2da21a-0344-4dae-b9a7-ea5d1912744c,9
6b52c798-bf6e-4512-af0d-98e39939fd37,21
6bbbb70a-f0d5-4e2c-9f96-176ae2dc1b9b,24
6c13130b-5a66-4100-a7e2-b11e5947b764,9
6ca9a660-e63d-4289-a21c-e1782431f126,24
6cc3b29a-6880-4cb9-a7db-ad0b1b4bc62f,14
6cc7ed37-5b98-45ab-a911-d27a0f2522f8,9
6d3c2240-710a-4f82-b1ed-fecca1723713,22
6df968ba-1932-40e9-8c42-a596e7abb2e5,6
6dfa8280-d6af-4196-90bc-4e5f25bc3dae,12
6eee5230-b92d-4d6a-b723-a9e912bcc795,12
6ef11e1f-b9ae-48df-9d0d-e041fd15e95d,14
6f73fe8d-7cc0-4662-bdad-5b2d1443e6b1,7
6fb33bee-90d7-4b11-b56e-69e882396b25,8
6fcdd023-6388-4650-a30d-8311015fc731,14
7012b1bd-6d7b-4738-9713-e553eb0f5bbc,24
705dc0b0-7268-4fbd-8331-78dfb42e26a2,18
7071bdd2-f724-4ef1-abdb-7844d5f18476,20
70b1ba6e-321e-4a47-8ea4-99824dda6ff5,18
70edbc9c-50e7-41fc-863f-85c21f6686fa,20
717d4fb1-bf4f-48c3-ba02-3b24672f5ac5,10
7190dfcd-5fb2-4572-9283-d9488f5bf1de,7
71a74929-ce52-494f-9d41-d08cbcf53707,3
71f692eb-4375-4bc5-b0d6-7c662a8939b0,15
734c29f3-6db6-49b8-b8eb-6eccc70b49dc,23
735f1577-cd27-4a46-a083-8192943639cd,15
73dc9ad3-7dfc-434d-bed9-d40c7452cab8,20
746cfed4-23e6-4d5f-be98-9a52a378bf15,21
748b4be9-05bc-4ead-93f9-a2926448c100,23
75600efb-b20b-4cce-b24a-6fcbebd54cf5,13
75d03826-ccba-4401-9d29-2e3df85582af,8
760c698b-eb0e-4fa8-87b1-9fb31b1c3cf2,12
76c28b41-9991-4ba2-9169-fa0fcb783a53,18
77b107ad-323b-4a1d-811a-2ae3f5b62b54,21
782b268f-240a-419a-a684-96c9ee2df83a,20
78aba5be-e1a4-4ab9-96c1-2564ab6c5938,24
7923d0ab-e265-4288-aa4d-3e6fe44d3e4d,13
79e81587-e751-45d9-b7d0-0ddeb3cbfe85,24
7a80ce7a-72fb-4e3e-921b-f41418cd1947,15
7b665f21-d1a2-4f7b-b7c6-38c49dbdae20,14
7c687b43-85ae-4337-bc09-73063799cac8,21
7d4f3a19-c7d6-4d2f-95fa-dcb47ab08c02,24
7e24d762-ebda-4732-824a-b2d1106af374,11
7e2c7d24-309b-4b78-875d-4f5c1c419e6c,17
7e65d13f-6bb7-485a-a0c3-b06fcbc2a8c0,18
7e7d20f7-c19f-4162-91e6-3cf36b269aa1,12
7ee2fc9c-0c3d-4995-81db-27e60a4ce6cf,13
7f0bcf1a-0a5f-41d5-9b0d-fdcba7fc6440,19
7fa0e86c-9395-4f2e-a796-6bc11ceea1a0,9
80004de8-1211-4e5c-9366-920ea905bfeb,20
811257ba-fd44-4b22-b241-b83f77b2f9ae,8
814ef4df-02ed-4578-bdf2-d861c60978af,12
81bc06dd-a5c7-4d7e-8e99-b87097815526,15
81dcf53c-1e5f-4f2e-b5b4-2718b8104902,10
81dfc502-4de4-47a6-9ff2-364dc8390f29,24
81edcbf4-325f-40d4-a932-ce9b1330aecd,23
82522ff2-e5a1-478d-ac9b-973f3c10bc0f,24
831274b0-9475-4c1a-aa51-15e577b44179,12
84381e81-0eb8-4b28-b52c-ca79e23efec1,24
844076d9-7a9b-45b3-938e-48efd2b15f08,18
84441d82-7474-4067-99ff-71609bd15fdd,14
84a71d4a-8c53-4e8f-9f72-9ff6db504523,20
856e79eb-aabc-482c-9f8b-9c8fd04aeee9,19
857774c4-c2af-4266-8ccf-e06a078ddbe3,21
859b8cc5-c49d-439a-b671-3cc3f6e23a94,23
85cb77b2-8455-4502-8a92-9375934dba4d,19
861b85a1-3999-420e-bd3a-0fb2db23d599,12
8692ecde-5af0-41ba-9e66-e53aab337844,9
888a0a57-a55b-44cb-b2a5-59289c1948fa,1
88fd4aec-92b7-410f-bd5f-c87536668cc7,11
89520e36-6184-4ca3-82b4-610c12bfe0d8,12
89d723a3-eb86-413e-b94b-c187c11abbeb,18
8ad264ca-abb8-4029-ad11-af532a51c11f,22
8adf7809-6f95-4ca0-8c96-bc4a75b5be83,16
8c0347bc-4837-46ac-a2bd-d703e7f1c218,11
8c0356da-97e8-41c8-8a93-a2451fa2c8b7,13
8c2c45d5-5307-4277-9277-0e38f72f9cc3,19
8c40fe95-9e9d-4e93-a862-83bb86fc6b73,18
8ccc9850-3714-45ed-b6ba-e820131eba64,0
8d191de4-8eb7-4833-aa87-daaf0bdc9014,12
8db0bd22-116a-4b47-bd28-bd273385b2d4,20
8dc143ea-c1e5-42ac-a74b-3dd3c15ceabb,8
8de38717-8b8b-498b-a986-6da43e807529,17
8e0e62d2-cad4-454d-88e2-2824323012d5,8
8fa960a7-a9f7-488f-a5a2-57c2400b6ba6,21
8fc54c80-6b39-449e-bb45-dea9e7ace262,14
8fc6f0c6-4b6c-45a4-8140-ee53a23caa89,19
90230df5-657d-4820-b624-e192e928ed6c,18
9078ae18-c644-4cdb-a582-6a2aa671ecb4,20
9192b7e9-785d-439c-92d1-1b78927587b4,21
929e0e36-8b80-4749-8c5e-3c540061d52a,24
92b3c4ca-66f5-4985-b3df-535275cea150,24
9309be8e-f2e6-4e25-8d61-734c9f3288c8,24
9318554b-b689-468f-8291-98388cc92fab,10
9336e542-53d3-42c6-84f0-10b8f98732a0,20
93628419-7422-48d9-a900-74b38f0d0890,9
9365f1a1-1672-42c5-bcfa-5128bf02cec4,22
9478ea79-dbe0-49b9-b544-68db47481de7,17
94806f1d-836f-4653-ac0d-4de989bb945e,24
94a9b174-d839-4acd-8e9b-16f1cac98437,20
94c49f61-acdc-47bb-9a6c-a0df8ceb7b5b,9
95a78466-ecdd-4f00-8632-7e2fccd9ddc6,17
95c87d42-d866-406a-88d8-6b11c302a7e0,15
95d334e9-2bd2-48d0-8f53-f26e9b3c8f06,15
95ec10ac-92e7-4c13-b936-898036538715,24
96248d56-f51b-40ca-8ee2-cc93bb385228,23
96e34ccf-206f-426b-b2ac-9c7fd02e94e6,24
97709725-b2fd-48e9-8909-7460646ed3a0,7
97761b89-7419-45d5-9716-179fd9a71244,15
97b3d4da-0da1-4861-bdaa-120ab39d659a,8
98167249-a373-467a-be74-a09d6567e87c,22
981d0902-4ac8-40bc-850b-8ed62a3279e1,8
98e3447c-ddeb-497a-92e5-ca83d105aa91,24
9932710b-fe84-4a62-8695-5f5e00137fd7,21
9932d944-174d-4b24-b290-8e0c3e25ca38,24
99470b64-7a68-4fae-acbe-2e09452175ca,7
99684e6f-7f9a-40b8-9b5e-291c755df319,12
99be85ed-d636-428a-b4aa-8f2d9feb6057,21
99c7fcb4-88a2-4a70-aac1-575a574e788e,13
99e20578-5e43-4300-98a7-e57db6691db2,13
99fc2647-f52d-4b61-90e6-67144a5c04c5,21
9a4c4e3a-564e-45f7-a941-b463f0cbebd0,0
9a959642-bff2-46d0-88d8-cb2b63ba1a31,18
9b94ab9f-cba4-46ee-b9e7-4c2d2dbe5d65,22
9bacfed9-c373-453a-abab-c3b2551bab26,12
9bb05278-3673-4e8e-97b7-34c452262c99,14
9bf58816-8352-491f-9365-2775c5c27b84,22
9c15221a-dd07-48e8-b40e-e76c96d44f25,12
9cae17a8-a9c5-41dd-86ae-24a035b378c2,16
9d1b1fdf-655a-45c2-99cc-4162d3edb7e9,24
9d24eec2-504b-4f76-9abd-4626922de951,8
9d8e1926-85ac-4027-a2de-dd2076d2ffb4,20
9eb3e0d8-09d1-4bf4-bebb-b61a56d22c0c,18
9ec31ef3-94dd-4046-9283-aaed9d642c0a,17
9ed161a3-23c4-47d9-999c-c1a96ff83ebb,14
9f0ce73e-afae-4c2b-9f49-00213d03af16,13
9f207903-372a-47ef-8e4f-59e0c32357f7,18
9fc0f964-696d-4c25-ad01-ef854221ee46,14
a034e318-e888-4b48-8edb-8b116b76496a,19
a0990f74-21bd-4ca0-b41a-042a668db53e,16
a1689a5b-63f6-4138-809b-96911fc2ed76,16
a234961d-aa31-4d4e-897c-8283d6ec922b,21
a2a9c929-cbb1-4114-8db6-ed8d643775c0,16
a371fd07-a9a7-4100-a89e-f4afb72a7381,18
a3da57a9-0ffd-4797-b254-70c1ff98aeb5,11
a41300be-bdd1-44c4-a04b-fea71fa12ada,16
a463ea24-45b4-44f0-a3cd-5b1ad36a2be8,6
a486ae2c-6eae-4bb5-9c73-b0079d66cafa,18
a4a71615-1398-43f4-a6a0-86d2d014c65d,8
a5692178-3c90-4a7d-b0a5-f3ce6c5e368b,13
a5a4ed4f-945e-421e-828a-b252042d85a2,23
a61fc535-ae92-4bfd-b9d9-36c9f4e27bd8,22
a6254f21-5b43-460e-b1d1-fea0d79a280f,10
a639b1e9-79fa-47aa-9c64-9cb2af83fb8a,11
a692beee-3f1c-41a7-ba07-135c6b39ad8a,22
a6988013-0f5b-429e-aebe-d69e3d957595,7
a6c10884-6130-44ee-b7bc-73ebd8095c01,24
a93ddbda-2d01-4e6a-b2d7-ef10a8ae31a7,11
a98e55ea-a2da-45f7-ac98-7484e82ec368,18
a9d88e7f-2704-4d53-b261-44a9c1032a48,20
aa69cde9-b36f-408c-9990-f4e5ffaaf6c3,14
ab6805e7-18e8-45c8-8f10-b75b3d034fc0,23
abb3d0be-d764-4ded-8d2b-86f681f390ce,24
abf1e65c-d96d-460f-a42c-6f4c9dd6120d,24
abfcefb0-2004-4c16-9577-c45e143389ab,17
ac7f4c82-c4df-4a2e-8485-1ece75fbd9ff,7
ac8da267-f1de-48c1-9ef5-4a354b2bf47d,22
acb58d22-f16a-4fa3-85d9-ecbe8080dad4,13
ad24e1f0-0388-4890-aa9c-87b166444a7f,6
ae0cab94-c684-4784-831e-c6d0da1d19a0,24
ae5fdca2-0c00-48c0-ab4e-4ac635b9cfce,4
b07dee44-8cba-4b9f-88be-b23a7dea39a4,10
b12be729-f2bf-47bb-a7f9-7a684ea8cc9c,23
b1d949a3-f4c9-4034-9202-40421a4c60c7,19
b21535e8-b5dc-41f0-b79a-8865820e5dd5,18
b21ed4ae-06cb-4c6c-b7d0-883f250d9b48,20
b392aed8-0f43-4053-a91c-2eaea5906e69,16
b39f39fe-d797-48f1-8709-5c25b8244090,24
b400c488-558e-489f-bf6c-056d36ec8c14,18
b442e46c-db6c-4596-9045-df3b06ab264f,7
b44e565f-cb84-4dc7-b875-e648338532d1,17
b5e282e1-56d5-447d-ae19-1ff299f52b68,23
b72fe22a-5e55-4305-9657-105b6efda3fd,8
b7734c89-424f-423a-9716-112a97d7b20e,8
b7925335-554c-4fec-857c-406eb33f89fc,23
b876fc51-f390-4052-a138-456aa9c28b50,21
b93122c4-db14-4552-ae01-c4b15981e650,9
b95c2428-2a49-47db-9d43-06ca9be15c53,8
b96d518a-afb6-4fc7-914d-b19a49956162,4
b96e0869-1ced-4349-9bf0-f9261f3043ba,14
ba137749-1e20-4470-9bc3-a6e440fc486d,18
ba3b43ef-d39b-4114-9481-9b66d559cc97,6
bac1c9de-5120-43af-97ca-1a3b295ccd6f,24
bb1eaf9d-ee98-42e4-9da5-0515767ca48c,19
bb634ed0-b1b6-4c23-a686-dbab8acc1796,21
bb7dc16d-0415-4752-ac33-6a58ad203c81,11
bbb80c3e-6d67-444f-aec0-da4c72771708,24
bbbca364-d02f-48c8-9e20-074b5ba65e60,18
bbbf7d33-e9c4-4198-90a8-c981fabe7c0a,23
bbc4315f-dd12-432f-ad96-9fb66aa02832,17
bbea1199-490c-45ec-a761-f27eb8c48774,20
bc4fc6ea-cdc7-47b6-a508-88ec89b47096,20
bc947a2e-80fc-485a-91d3-f88c0e16c268,21
bdea4f28-dcb1-4346-bdcf-df8468e850f6,16
bdefe877-61f8-419e-8491-752c7bd189eb,20
bebc3599-22bf-4374-bd5c-4bd082a2545a,24
bf3defd7-2a52-4557-8202-9d887957e109,22
bfacb9f0-2451-4f9e-b21d-3a4abcce1c0a,24
bfc57bf0-b25e-4e42-8d9f-97e4761b2526,12
c0a4b325-dc12-49fe-89ad-0b0b78ec85c8,14
c1bc6bb9-6e11-4b05-bb65-a4520a877f17,20
c1e4adc3-80fa-433a-9400-47164ce03383,14
c1f11913-b80a-4699-86d1-2fdd3b3e3991,15
c24af867-50e6-46cd-b639-de4ed363fcd2,11
c3a9aab1-9a99-40bc-8ab5-95177838b918,22
c3ac8a7a-7b61-427d-89b5-91129e58b97e,11
c3e93ad4-4859-45d8-8806-7a0eb91b1b2d,19
c6743450-836f-4940-9d80-9343c90eafd1,12
c6cbc015-e227-4f40-b68d-f3de98f1dd03,22
c7679c87-a7a4-40b3-a4a5-c0656eb57e3a,20
c7c0a43c-1e66-4d7c-96b7-64556f1c4ec2,15
c85a24b4-89a6-41d1-9e95-164409d1323d,24
c882a861-2b66-4c3f-9b6e-7a45e194ea3d,12
c8f179e8-a75b-4dff-9f99-7dc10f9d31ac,5
c9508164-b958-45b8-9a20-b8031510bfdf,19
c96187a8-bad8-42ae-a192-b22bf7fa4f1a,17
c9d100f1-4064-4351-bd68-f8071e9fa5bf,11
ca57094a-75bd-4348-ad8d-f50c2dcb1d19,18
caaa8294-5176-4c40-9609-d3309f7e99e5,21
cacb601c-0d1b-404b-b2b1-18f154a79cf0,24
cb006263-81b1-409b-81e0-93f15d89e064,17
cb6959ee-5d10-419b-ae95-e67f38d061bf,14
cc14695e-5d0d-4c84-9006-47a579bfb951,19
cc1af8f1-d02c-4c58-b238-0e2c5e0d16f5,21
cd1bb748-d5a8-49b1-9720-518489c8c7d2,23
cdef30fd-339c-4d0d-b51f-7e4ba01f9b3d,19
ce340535-2bcb-4803-b3c3-114a7440e084,22
d0ee4138-d358-4ce6-bca5-ee5701f50378,19
d2d63050-98ac-4c12-b61d-a62749746ded,24
d38524d9-28a8-4f76-8989-74f52dd80180,8
d3b9a092-57ff-4e14-81d9-e6c82a25c467,24
d3ba5d0d-6d18-4663-a95e-8ac9d0cdf282,18
d457f775-c39b-43a7-a9a1-559c8753cf22,10
d4589601-a22f-4b4a-b14d-ca233760ffbe,6
d51b7974-195a-49b3-a570-dcaf899d277f,24
d582dca4-f459-4335-ad2e-b9bb7606b1c0,12
d5c1c3d6-d39f-49c1-a6c6-4f03b1b18354,15
d5d2216e-291c-44c5-a6ef-657673736c76,8
d5f8fa22-1dd2-4176-99a0-939fcd37f688,7
d66ed06c-6132-42bb-8ef6-aa92528839a5,17
d69c28ae-cb9e-4505-a002-debf2c54b72d,13
d7ff9469-0afb-4c87-a711-38dc967085c2,11
d94ad050-c34d-4d80-91a6-13afdffc59db,18
d96bb830-80ac-431c-8c61-62bf0705fd36,7
d9c9c32f-67f0-47cf-a50b-c467d3b535e5,17
d9d33349-0199-4ca8-bbe8-19f33043867e,0
da30eb84-0034-46e8-8138-1470bc41a7bf,21
da43fe36-2f75-4276-a513-9cfc4eb4b8b0,16
dafecf82-ed31-492a-ae1a-635382d76357,20
dbdc5e4e-4864-4eac-ab83-a21994341990,24
dc3c374e-9d9b-455d-9eb6-3803f1e36f7e,24
dd3b67d1-d72a-45d6-81ed-501aaf74f9d4,10
ddb25d62-5512-4fe9-8d4d-fa6adc7a178f,17
dde32fc8-c05b-443d-a270-a1b1809c7eb8,5
de7cb4f1-3fb5-4fc3-8862-70787b5b77c7,24
deeeadb9-ead2-42c3-8efe-afebf1f08f13,18
df139e31-e0d2-46d0-a7c1-e87c08be5c50,20
df96db2a-67cf-4ba8-bda1-25ea23ad6f71,20
dfa00aee-d1e6-4f72-a553-13a3c60869e1,11
e00f3ded-bd3d-4080-85d8-baa1dd9f8fe3,10
e0495e7e-acfd-4aff-9871-80e8623b0e26,19
e0a020e0-0091-44bf-a9fb-6cd67f09c1a0,13
e11bbaee-8e4d-40a3-943c-644b60ad1f29,15
e1446f3a-47f9-4569-9e38-afd17170f8f9,24
e18d0534-f52f-4cae-9f0a-cfcd05bce76f,21
e3ba77b2-55ae-47f9-8f2b-7b621bea4391,21
e4456f61-48eb-409c-bbc0-d2b3f3c90c80,13
e49bf089-6255-4985-99de-ee4e4fa95dd0,24
e4ff6f3f-1ed5-4f47-9d27-43b1632dca34,15
e6682a80-b08e-4eed-bc1e-5a52b2e78480,23
e6a1318b-d8cf-473d-bca4-14bb77eeab47,22
e6c56728-882f-485b-966e-5c31980effb6,20
e88ec351-6edf-41a2-8ae5-ef59f6384d70,13
e89a2d5f-1c76-42a9-b08a-392107c385d8,15
e8a3de5d-9f29-4808-be73-5e1789156b45,9
e9780f3a-e671-477c-90a7-e7b02d25e167,21
eaeab256-31c1-464e-8c16-9beb13f07023,6
eaf53d39-f8b8-4d6d-8adc-2d67c8424fb1,21
eb2341e4-ca19-4fdf-9217-0a31ad143322,10
eb96d708-07f1-4a9a-a963-37eed19a8555,15
ebd16656-2f2e-4e77-81ac-1f2e63c8cb52,23
ec7f14d9-bda2-4f60-81b6-389bb2d46986,18
ede14ed2-609c-4454-b28b-f5a85d792375,20
edf70164-35bc-4d10-a2c1-8039aeb789dc,12
ee544728-5287-45aa-a9ef-dfbdb336edeb,20
ee654252-ca8c-4270-bad5-897703dc7afe,24
ee7bf346-039d-4efb-aa72-de3dbebcf823,21
eea17a48-4518-42d8-a5c6-e931b765f3ce,22
eecdaec7-f836-491d-b8d9-c2fde218083d,24
ef3c8d02-f441-4aa5-ace1-69c2e863ebec,8
ef9f3b2f-e03a-495d-b18c-6e27bb56976e,10
efb045a3-f2ab-42d5-8f33-adf3b36e16be,23
efcd8ed2-8818-4c83-8b7d-549acb883771,23
f00896fc-9b8c-49ed-8083-501c46ad4234,22
f14253b0-d4a2-4ae7-a418-0613773307bd,22
f3082504-c5d2-48fc-bffa-8766e66b469e,21
f4589eca-0e47-4bde-879e-f6b04c769c2b,23
f486118c-8381-4243-8542-e0dd8d26e84d,12
f4a42b88-ed2b-43f4-b158-80bbed69ac7f,23
f504bca0-8867-448e-bc09-8a779b59e60d,24
f50b89a3-fd6c-4426-bb7c-f29d79b0ba86,12
f5533ee5-fafd-42ce-8106-9a6fc5a10d52,10
f841d7b6-9533-4458-98c5-8a5a34546095,17
f8feb2d3-5a5e-4f6d-8e47-fcaa1a09a40b,14
f91108fa-d126-439a-b691-85931ffcaafb,9
f9cb1634-4766-462b-9891-af1648c695f2,20
fa077fc5-d923-4bc1-bd1f-34e679af0025,22
fa4950dd-b952-40fa-a66f-4206cb108318,23
fb62039c-0b79-4be0-a7b9-ebf5d926eff2,24
fbf4b139-673d-4cfa-93d1-2057e9c701dd,24
feef4454-7797-45fc-8d86-597c0fe204a1,21
ff3cb825-2993-4c09-93b4-287fcf7867b1,14
ffd0fbde-c320-42d6-80a1-a7656da661dd,23
